,question
0,How does President Biden define America in a single word?
1,What overarching vision does President Biden have for the country's future?
2,How does President Biden propose to rebuild the middle class?
3,What are the key elements of President Biden's economic plan?
4,How does President Biden address the challenge of inflation in his speech?
5,What is President Biden's stance on America's role in manufacturing?
6,How does President Biden propose to tackle the climate crisis?
7,What are the President's plans for healthcare reform and cost reduction?
8,How does President Biden plan to address the wealth and tax disparity in the U.S.?
9,What is President Biden's approach to dealing with big corporations and their impact on consumers?
10,How does President Biden propose to protect workers' rights and dignity?
11,What educational reforms does President Biden advocate for?
12,How does President Biden describe the progress made in the fight against the COVID-19 pandemic?
13,What are President Biden's strategies for improving public safety and trust in law enforcement?
14,What is President Biden's position on gun control and violence prevention?
15,How does President Biden propose to address immigration issues?
16,What is President Biden's stance on women's reproductive rights?
17,"How does President Biden view the challenge of global competition, especially with China?"
18,What is President Biden's vision for America's role in global democracy and leadership?
19,How does President Biden conclude his speech regarding the overall state of the Union?
20,"In the 2023 State of the Union address, which political figure did President Biden recognize as the newly appointed Speaker of the House?"
21,"According to President Biden, how many jobs were added during his initial two-year tenure?"
22,"During the address, what did President Biden state as the current unemployment rate?"
23,President Biden mentioned a specific number of jobs created in the manufacturing sector. What is that number?
24,President Biden referenced a specific legislation aimed at assisting veterans affected by burn pits. What is the name of this legislation?
25,"What legislation, mentioned by President Biden, focuses on safeguarding the freedom to marry regardless of the partnerâ€™s gender?"
26,By how much did President Biden assert that gasoline prices have decreased from their highest point?
27,President Biden spoke about a particular type of miniature technology component in his address. What is it?
28,"Which U.S. state is set to be the location for Intel's new semiconductor manufacturing facilities, as mentioned by President Biden?"
29,President Biden has a target number of electric vehicle charging stations to be established. What is this target?
30,What did President Biden specify as the upper limit for annual prescription drug expenses for Medicare beneficiaries?
31,"According to President Biden, how much can seniors save annually on prescription drugs due to the Inflation Reduction Act?"
32,Below what income level did President Biden vow not to increase taxes?
33,President Biden mentioned a significant profit amount made by oil companies during a period of global energy crisis. What is this amount?
34,What is the title of the legislation aimed at preventing tax evasion by affluent individuals?
35,President Biden discussed the importance of mental health support for veterans. What initiatives did he mention in this regard?
36,What is the primary objective of the Cancer Moonshot initiative that President Biden spoke about?
37,By what percentage does President Biden aim to decrease the cancer mortality rate over the next quarter-century?
38,Which significant event that took place on January 6th was referred to by President Biden in his address?
39,President Biden paid tribute to a specific individual who was a victim of a home attack. Who is this individual?
